"conversation_id_str","created_at","favorite_count","full_text","id_str","image_url","in_reply_to_screen_name","lang","location","quote_count","reply_count","retweet_count","tweet_url","user_id_str","username"
"1791200413749817367","Fri May 17 09:42:06 +0000 2024","0","@seattle_writer @SethAbramson Joe I'm no lawyer but I don't think causing despair was Professor Abrahamson's goal at all. I just hope the state has people on the prosecution team who bother to read a resource as thorough and helpful as this. Trump is malignant and must be stopped for the West to endure.","1791403811833025012","","seattle_writer","en","","0","0","0","https://twitter.com/michael_ronning/status/1791403811833025012","1401320726167175169","michael_ronning"
"1791403809186423221","Fri May 17 09:42:05 +0000 2024","0","I thought gatez was a human trafficker? Read Matt Gaetz Slammed for White Supremacist Standing Back and Standing By Dog Whistle Dedicated to Trump on SmartNews: https://t.co/W42ajRmjGK #SmartNews","1791403809186423221","","","en","Louisiana","0","0","0","https://twitter.com/walkingabout1/status/1791403809186423221","877021889159409665","walkingabout1"
"1791403804891504925","Fri May 17 09:42:04 +0000 2024","0"," BREAKING: Georgia Federal Court of Appeals has decided to hear former President Trump s appeal in disqualification of Fulton County District Attorney Fani Willis and her office from the election interference case. While it is unclear how the court may rule the immediate","1791403804891504925","","","en","United States","0","0","0","https://twitter.com/FreeThinkerInc/status/1791403804891504925","1731376881193152512","FreeThinkerInc"
"1791205558231461944","Fri May 17 09:42:04 +0000 2024","0","@livelifekaye @Cara_TXZEAL @nypost Trump has many options he can charge residence quite easily Bush and Cheney did it","1791403804535271814","","livelifekaye","en","California ","0","0","0","https://twitter.com/DoodlesTrks/status/1791403804535271814","1081311465557000192","DoodlesTrks"
"1791403802102239646","Fri May 17 09:42:03 +0000 2024","0","IF TRUMP GOES THIS FAR TO COVER UP SEX WITH A PORNSTAR AND HE CAN EVEN MAKE WEALTHY POLITICAL WANNABE LIKE BYRON THE OREO MCDONALDS GATEZ THE H.TRAFFICKER BOEBERT WANNABE PORNSTAR THIS IS WHO TRUMP ASK TO COME A SHOW FACE FOR HIM. UNBELIEVABLE BOEBERT WHO HAS HER OWN PORN.","1791403802102239646","","","en","Connecticut, USA","0","0","0","https://twitter.com/DaddyRey2/status/1791403802102239646","1163146732986933248","DaddyRey2"
"1791120499403112894","Fri May 17 09:42:02 +0000 2024","0","@RyanAFournier Maybe Cohen is going down ..... .... but if so it will be after Trump going down!","1791403796654084480","","RyanAFournier","en","Where many would like to go","0","0","0","https://twitter.com/klausdorth/status/1791403796654084480","4250167397","klausdorth"
"1791134523880546361","Fri May 17 09:42:01 +0000 2024","0","@KathleenWinche3 Yes before Trump the country was doing fine and since then everyone is looking at USA as if it was a bad telenovela. Trump will turn the country into a North Korean style 3rd world.","1791403791993995499","","KathleenWinche3","en","Paris France","0","0","0","https://twitter.com/vilstrat/status/1791403791993995499","364202698","vilstrat"
"1791231693837291943","Fri May 17 09:42:00 +0000 2024","0","@RepBrianMast LOL Can you bend Over ? Trump likes that","1791403788386857376","","RepBrianMast","en","","0","0","0","https://twitter.com/MaryMarykf61/status/1791403788386857376","1599073118726885380","MaryMarykf61"
"1791402651009126655","Fri May 17 09:41:59 +0000 2024","0","@Nigel_Farage There is nobody coming to save us when we have the uniparty. They re both locked in to the global agenda. The way Trump gets treated for going against it speaks volumes.","1791403783358210099","","Nigel_Farage","en","","0","0","0","https://twitter.com/cynica1idealist/status/1791403783358210099","912282321105051649","cynica1idealist"
"1791398153863794971","Fri May 17 09:41:57 +0000 2024","0","@RealMattCouch Nah. Dana IS a conservative. Unlike Trump &amp; Loomer.","1791403777494311228","","RealMattCouch","en","Jensen Beach, FL","0","0","0","https://twitter.com/FLA_CrackerBoy/status/1791403777494311228","1210707529707204609","FLA_CrackerBoy"
"1791403771735560658","Fri May 17 09:41:56 +0000 2024","0","Ikr trump is actually a cool dude after all","1791403771735560658","","","en","","0","0","0","https://twitter.com/rafaleaotz/status/1791403771735560658","1743269617336758272","rafaleaotz"
"1791403771550994682","Fri May 17 09:41:56 +0000 2024","0","Prosecution in Trouble as Trump Defense Traps Michael Cohen on Witness Stand https://t.co/H8UnTmos6t via @BreitbartNews Convicted felon convicted liar.","1791403771550994682","","","en","","0","0","0","https://twitter.com/Woodrow17165268/status/1791403771550994682","1601948775681085440","Woodrow17165268"
"1791403762088923402","Fri May 17 09:41:54 +0000 2024","0","Let s be honest: the Biden-Trump debate is going to be about so much more https://t.co/94I5CckCe3 via @YouTube","1791403762088923402","","","en","","0","0","0","https://twitter.com/SoulMomentPhoto/status/1791403762088923402","1699481443569917955","SoulMomentPhoto"
"1791189350551519677","Fri May 17 09:41:52 +0000 2024","0","@FeistyPK2 No. It's not that I support her or any of hers &amp; trumps cronies I just don't think she wants to go down that road for Barron's sake.","1791403756086534612","","FeistyPK2","en","England, UK.","0","0","0","https://twitter.com/JulieNe78350183/status/1791403756086534612","1604203985191276545","JulieNe78350183"
"1791403754153267307","Fri May 17 09:41:52 +0000 2024","0","@ArunSFan @RaghuramRajan What about promises of Congress made in past and making now what about subsidies of Mr Kejriwal you have no advice for them india is doing all right under new governor apply for trumps financial advisor Post it's vacant https://t.co/ll2NhgAPvQ","1791403754153267307","","ArunSFan","en","","0","0","0","https://twitter.com/mgsrglda/status/1791403754153267307","1602214301342711808","mgsrglda"
"1791246236994912554","Fri May 17 09:41:52 +0000 2024","0","@Redhead4645 @TRUMP_ARMY_ @Crimsontider @G1rly_Tattooed @sxdoc It s got me why his TicTok rants are not being looked into ! His mouth will sink him","1791403754136424706","","Redhead4645","en","Victoria, Australia","0","0","0","https://twitter.com/Jockdoors/status/1791403754136424706","1537615839146680320","Jockdoors"
"1790772226985230532","Fri May 17 09:41:49 +0000 2024","0","@SteveTownsend0 @joncoopertweets @POTUS Remember dopey. If Trump loses in November so do you. Smarten up","1791403741649797442","","SteveTownsend0","en","Whitestone New York ","0","0","0","https://twitter.com/DannyToscano6/status/1791403741649797442","1241019941123481603","DannyToscano6"
"1791280746608386079","Fri May 17 09:41:49 +0000 2024","0","@TerryGearhart1 @nee_haynes I blame the people who voted for him. trump is who he is and always has been.","1791403740756422769","","TerryGearhart1","en","","0","0","0","https://twitter.com/cantchgusername/status/1791403740756422769","881962756324425728","cantchgusername"
"1791239009168924932","Fri May 17 09:41:48 +0000 2024","0","@Travis_4_Trump So fake","1791403737698762826","","Travis_4_Trump","en","nw london","0","0","0","https://twitter.com/clareypotter/status/1791403737698762826","88488854","clareypotter"
"1790819669349224486","Fri May 17 09:41:46 +0000 2024","1","@SimonaMangiante With Tapper and Bash they will taylor questions to smash Trump","1791403731524968906","","SimonaMangiante","en","In the vast universe ","0","0","0","https://twitter.com/les__deplorable/status/1791403731524968906","825078356773261312","les__deplorable"
"1791052252054237222","Fri May 17 09:41:45 +0000 2024","0","@BlackWolfDNA @TRUMP_ARMY_ Do you hate Barron so much? Stormy should be blocking Trump and not Barron or Melania. Oh I can imagine your thoughts...","1791403727263350867","","BlackWolfDNA","en","**Nigeria**","0","0","0","https://twitter.com/SewuBem/status/1791403727263350867","747585631","SewuBem"
"1791403726810349586","Fri May 17 09:41:45 +0000 2024","0","Donald Trump stops in his tracks when he sees NYPD Officers I love you ... https://t.co/hmvqH4eJm3 via @YouTube sharp contrast to Brandon! #TrumpToSaveAmerica #LetsGoBrandon","1791403726810349586","","","en","","0","0","0","https://twitter.com/4Deplorable4/status/1791403726810349586","1695376075822419968","4Deplorable4"
"1790791482741313739","Fri May 17 09:41:44 +0000 2024","0","@KristyWing41514 @Mai_ASUR @nicksortor The bridges aren t from our government they re from the group that s high up. There was already trace back for the Maryland bridge to those same people they re going to try to shut off all of our transportation and food etc. that s why we need Trump ","1791403719717712293","","KristyWing41514","en","","0","0","0","https://twitter.com/Andrea1813225/status/1791403719717712293","1619199032215093250","Andrea1813225"
"1790512429425623054","Fri May 17 09:41:43 +0000 2024","0","@HinatasWish How do you know she's a Trump supporter?","1791403717796720757","","HinatasWish","en","","0","0","0","https://twitter.com/ZeeRoosta/status/1791403717796720757","43522099","ZeeRoosta"
"1791290471265747166","Fri May 17 09:41:43 +0000 2024","0","@ChristKing72013 @JohnStag86404 @LauraLoomer MTG is a nasty looking maga butch bitch... But it's OK because she is a Trump stan??? Make it make sense","1791403716202963112","","ChristKing72013","en","","0","0","0","https://twitter.com/BobbyBo53857278/status/1791403716202963112","1578414468614295552","BobbyBo53857278"
"1791206246495793243","Fri May 17 09:41:42 +0000 2024","0","@LuisyMorgan Just proves how much of a mess a second Trump presidency will be for America.","1791403714898432025","","LuisyMorgan","en","Queensland, Australia","0","0","0","https://twitter.com/SenpaiCasey2023/status/1791403714898432025","1645563798546440193","SenpaiCasey2023"
"1791380510088089841","Fri May 17 09:41:41 +0000 2024","1","@GMan23677156 Gotta love the socks.","1791403706824466846","","GMan23677156","en","","0","0","0","https://twitter.com/BorisTrump6/status/1791403706824466846","1155459185083129857","BorisTrump6"
"1791136582378082814","Fri May 17 09:41:40 +0000 2024","0","@Thom_Hartmann TRUMP WILL WIN ","1791403706648240553","","Thom_Hartmann","en","","0","0","0","https://twitter.com/ImTheRealLaura/status/1791403706648240553","310580814","ImTheRealLaura"
"1791201159278936320","Fri May 17 09:41:38 +0000 2024","1","@bennyjohnson Trump charged with Sexual Assault. Trump accused by 26 Women of Sexual Harassment. Trump Indicted for falsifying records and using Campaign Funds to pay a Porn Star - Hush Money. SO LONG...'DON THE CON'. https://t.co/usldWz4J2e","1791403695227408559","https://pbs.twimg.com/media/GNxYKezbkAAyPTi.jpg","bennyjohnson","en","Los Angeles ","0","0","0","https://twitter.com/Ink8Judy/status/1791403695227408559","1641795242","Ink8Judy"
"1791171459345170538","Fri May 17 09:41:38 +0000 2024","0","@RpsAgainstTrump He will guide the criminal Trump through all the lawsuits","1791403694300278978","","RpsAgainstTrump","en","Tarkov","0","0","0","https://twitter.com/firepunchd/status/1791403694300278978","19541925","firepunchd"
"1791403692672868469","Fri May 17 09:41:37 +0000 2024","0","Feeble Donald Trump confusedly reads nonsense from notepad to reporters after leaving courtroom https://t.co/WqdLt7ZRCy","1791403692672868469","","","en","Los Angeles, CA","0","0","0","https://twitter.com/BillPalmer/status/1791403692672868469","10253","BillPalmer"
"1790796930471117234","Fri May 17 09:41:36 +0000 2024","0","@__TEAM_USA Only way Biden would win a debate is if a Judge puts a gag order on Trump for the debate.","1791403687270559862","","__TEAM_USA","en","","0","0","0","https://twitter.com/LeeClay83/status/1791403687270559862","1548114127918231552","LeeClay83"
"1791239423285227774","Fri May 17 09:41:34 +0000 2024","0","@kstellatos46 Ari always has a beef with Cohen regarding avinadi the ex lawyer for stormy that s why Ari can t not be objective when he said the cross examination was a bloodbath. Andrea Tur and Ari are becoming Trump loyalist","1791403678252839116","","kstellatos46","en","","0","0","0","https://twitter.com/DesinorSaintvil/status/1791403678252839116","1266959167954305030","DesinorSaintvil"
"1791285317716107711","Fri May 17 09:41:34 +0000 2024","0","@EVerastegui @realDonaldTrump @TiffanyATrump @DonaldJTrumpJr @kimguilfoyle @BolsonaroSP @Santi_ABASCAL @JMilei @nayibbukele @PM_ViktorOrban @GiorgiaMeloni @AgustinLaje Trump forever.","1791403677334270054","","EVerastegui","en","Neuqu√©n","0","0","0","https://twitter.com/gusmarbevacqua/status/1791403677334270054","1695520459654098945","gusmarbevacqua"
"1791403675983737269","Fri May 17 09:41:33 +0000 2024","0","The Dems failure to listen to its young voter base is what would cost them the election. I ve said this since 2020 when the media made it Biden Bernie and Trumps race","1791403675983737269","","","en","","0","0","0","https://twitter.com/_deardiaryyy/status/1791403675983737269","128616504","_deardiaryyy"
"1790839820496883857","Fri May 17 09:41:32 +0000 2024","0","@NRSC We cannot sustain another term of open borders and China loving chaos under the Biden s. We need Trump to get in clean up the government eliminate bureaucrats close the border go after the cartels stop NGO s consider withdrawing from the UN no more Paris accord etc.","1791403673094119476","","NRSC","en","","0","0","0","https://twitter.com/PhilVenables1/status/1791403673094119476","944730208397152256","PhilVenables1"
"1791249478629925284","Fri May 17 09:41:31 +0000 2024","0","@Patriot_Kenzie @GuntherEagleman Weird to think banging your daughter is a flex. But he learns from trump so I m sure no one here is surprised. Cunthers family tree is a wreath.","1791403668241080493","","Patriot_Kenzie","en","here and there","0","0","0","https://twitter.com/freshskidmarks/status/1791403668241080493","330769718","freshskidmarks"
"1790799523327132025","Fri May 17 09:41:29 +0000 2024","0","@CollinRugg Legacy of violence Trump has made popular. The US is so hate filled and spouting violence. Children are watching I am so sorry that this is happening I am so sorry for this family. ","1791403660162781512","","CollinRugg","en","","0","0","0","https://twitter.com/91e3dccf934042c/status/1791403660162781512","3156390460","91e3dccf934042c"
"1791403659915296982","Fri May 17 09:41:29 +0000 2024","0","God is not dead. He lives in each and every one of us. That is why Donald Trump Believe so much for us. Because he believes that God is not dead.","1791403659915296982","","","en","Colorado, USA","0","0","0","https://twitter.com/robbinbob9861/status/1791403659915296982","855892685923778561","robbinbob9861"
"1791090436162855414","Fri May 17 09:41:29 +0000 2024","0","@laurenboebert 1 Trump is a CRIMINAL defendant. 2. America; also Judge Merchan s daughter isn t trying the case. Now go back to what you know best vaping and groping in public like a teen in heat and leave the serious discussions to the grown ups.","1791403659407880207","","laurenboebert","en","","0","0","0","https://twitter.com/PeterBr79613820/status/1791403659407880207","1296632588472406016","PeterBr79613820"
"1791127293802185121","Fri May 17 09:41:29 +0000 2024","0","@AllThingsDante Reminder: When Biden did his OSHA mandate and tried to force an experimental pharmaceutical on the population it was the Trump SCOTUS appointed judges that stopped him. All this is to say I agree with you. We need Biden out.","1791403659294568790","","AllThingsDante","en","Atlanta, GA","0","0","0","https://twitter.com/RichardJKPE/status/1791403659294568790","1676763151860113408","RichardJKPE"
"1791403657746928122","Fri May 17 09:41:29 +0000 2024","0","Republican party my ass. Should call it the Trump party or MAGA party now","1791403657746928122","","","en","","0","0","0","https://twitter.com/tipptapp1209/status/1791403657746928122","1776032940780113921","tipptapp1209"
"1791176144563114218","Fri May 17 09:41:28 +0000 2024","0","@renAsonceman @alexbruesewitz Does Trump have presidential immunity?","1791403652973777178","","renAsonceman","en","New York, USA","0","0","0","https://twitter.com/NewClearOption/status/1791403652973777178","829492533524889600","NewClearOption"
"1791403648590737545","Fri May 17 09:41:27 +0000 2024","0","#ACMs album billie Crockett $SPURDO eilish Game #CriticalRoleSpoilers #BridgertonS3 Michael Anderson album 7 of Toby THE GREATEST Diner elly Alito #FridayMotivation Grok Ghetto Biden nuts or Ben Dana year Supreme Trump Court Cohen Cooper Carson and Keith Adam groin #Nani driver","1791403648590737545","","","en","‚ôÇ ARIZONA & ALABAMA ‚ÄúThe Gump‚Äù","0","0","1","https://twitter.com/PatriotCzar/status/1791403648590737545","71926170","PatriotCzar"
"1791289054543200472","Fri May 17 09:41:25 +0000 2024","0","@sportphotos It s so frustrating that even educate people are blinded by Trump playing the victim","1791403640306995588","","sportphotos","en","Nairobi, Kenya","0","0","0","https://twitter.com/KavuPato/status/1791403640306995588","3092881825","KavuPato"
"1791403639136727205","Fri May 17 09:41:24 +0000 2024","0","NY v Trump: Defense guts Bragg's star witness Cohen for doing what he does best https://t.co/hrqHoFuwPa #FoxNews","1791403639136727205","","","en","Midland, TX","0","0","0","https://twitter.com/Darksideleader2/status/1791403639136727205","1549891980418744321","Darksideleader2"
"1790841743841083455","Fri May 17 09:41:24 +0000 2024","0","@BlondeMAGAinNJ @RealMattCouch By the time they get finished making him look like a freak during the first one Biden will probably say he won and cancel the second one. The first one should have been fair. One conservative &amp; one republican moderator at the very least not two rabid Trump haters.","1791403636368482409","","BlondeMAGAinNJ","en","US TX","0","0","0","https://twitter.com/Cynthia84400444/status/1791403636368482409","1501400870763827202","Cynthia84400444"
"1790796534977630316","Fri May 17 09:41:21 +0000 2024","0","@mitchellvii Now Mitchell is back against Trump. Trump is 10 times better than Biden and Hillary and DeSnake. Stop it with your BS.","1791403625161302138","","mitchellvii","en","","0","0","0","https://twitter.com/JohPersso/status/1791403625161302138","1640615912591044609","JohPersso"
"1791234329626157444","Fri May 17 09:41:21 +0000 2024","0","@ianbassin @gtconway3d @JVLast Putin is Trump's idol and role model. We know this. He wants what Putin has.","1791403623911465188","","ianbassin","en","Southeastern USA ‚òÄüå∫üçÄ","0","0","0","https://twitter.com/GreenGenii/status/1791403623911465188","157613784","GreenGenii"
"1791403622774788454","Fri May 17 09:41:20 +0000 2024","0","'These are crazy people': Schiff calls out Mike Johnson and Trump's cour... https://t.co/e2vlQOPt5C via @YouTube","1791403622774788454","","","en","London","0","0","0","https://twitter.com/Muenkel/status/1791403622774788454","30640796","Muenkel"
"1791403618228466165","Fri May 17 09:41:19 +0000 2024","0","You are WRONG Tuberville!! Trump CAN defend himself and he CAN take the stand in his defense. Would he do it? Laughably probably not! His attorneys would just die if he did. He would incriminate himself with his first words!!!","1791403618228466165","","","en","","0","0","0","https://twitter.com/Poindexter69/status/1791403618228466165","1861567068","Poindexter69"
"1791087245312643273","Fri May 17 09:41:19 +0000 2024","0","@PM_ViktorOrban Wish you both the best of luck. God Bless","1791403616718172371","","PM_ViktorOrban","en","","0","0","0","https://twitter.com/TrumpWorld2017/status/1791403616718172371","739286654486089728","TrumpWorld2017"
"1791403608325439936","Fri May 17 09:41:17 +0000 2024","0","Leave it to Feax news to be the only one to say jury looked stunned.They are not STUPID.Way too much evidence against tRUMP..","1791403608325439936","","","en","","0","0","0","https://twitter.com/chucky5657/status/1791403608325439936","1501287201614663683","chucky5657"
"1791304573006565706","Fri May 17 09:41:16 +0000 2024","0","@541klj9 @MMAUNCENSORED1 Bit of a stupid take the card is the card no matter the order and full belts always trump interims.","1791403605683027980","","541klj9","en","","0","0","0","https://twitter.com/sumner06/status/1791403605683027980","939369319","sumner06"
"1790781620137361501","Fri May 17 09:41:16 +0000 2024","2","@SenatorLankford The Republican Party spit In your OWN FACE over &amp; over again WHY because as TRUMP said I gave ORDERS for them NOT to secure the BORDER and They all bend Over &amp; Listen YES he said this is MY FAULT WE all thought YOU were an HONEST Man but have LEARNED you are Far from it","1791403604655612321","","SenatorLankford","en","","0","0","0","https://twitter.com/MaryMarykf61/status/1791403604655612321","1599073118726885380","MaryMarykf61"
"1791119967984685208","Fri May 17 09:41:15 +0000 2024","0","@BidensWins Actually the DOW's been watching the polls and is confident Trump gonna mop the floor with you in November.....hence the Dow is looking up for the first time since Jan 20 of 2021. They are just giddy that you clowns are on the way out and Real Economic Policies are inbound...","1791403601748787284","","BidensWins","en","knockin onyer door","0","0","0","https://twitter.com/dualpurposemule/status/1791403601748787284","1689641684731363328","dualpurposemule"
"1790721036906086878","Fri May 17 09:41:13 +0000 2024","0","@TRUMP_ARMY_ Will he have more success than Sunak?","1791403591720153444","","TRUMP_ARMY_","en","Leeds, England","0","0","0","https://twitter.com/StuR1961/status/1791403591720153444","1599385082883723268","StuR1961"
"1790904831667839393","Fri May 17 09:41:13 +0000 2024","0","@cnawiesniak @LibsRCrazy @Mosiahmosthigh @Arkypatriot @Travis_4_Trump Pretty sure he wasn't talking about libraries genius. ‚ÄçÔ∏è wow","1791403590327628028","","cnawiesniak","en","Wv","0","0","0","https://twitter.com/ChristyStamper4/status/1791403590327628028","756357479555014656","ChristyStamper4"
"1791127293802185121","Fri May 17 09:41:13 +0000 2024","0","@PharoahKirk @yorbaee @AreU_Kiddin_Me @AllThingsDante that mothafucka need some way bigger assistance than what a cabinet would supply. Trump was actually trying to make this country a nice place to live..","1791403589497147829","","PharoahKirk","en","San Antonio, TX","0","0","0","https://twitter.com/JacobMauld1n/status/1791403589497147829","1473889961195839489","JacobMauld1n"
"1791143549833977976","Fri May 17 09:41:12 +0000 2024","0","@catturd2 If true he s trying to steal announcement thunder from Trump? Ummmm Not sure that s a wise move ","1791403586246594716","","catturd2","en","United States","0","0","0","https://twitter.com/GPCBackwards/status/1791403586246594716","1648862810040827905","GPCBackwards"
"1791097567713103962","Fri May 17 09:41:10 +0000 2024","0","@TRUMP_ARMY_ No I dot believe it s a hoax. I know it s a hoax.","1791403580378763427","","TRUMP_ARMY_","en","","0","0","0","https://twitter.com/TTroyFor7724167/status/1791403580378763427","1457808940239147012","TTroyFor7724167"
"1791207546466005014","Fri May 17 09:41:10 +0000 2024","0","@djonky123 dig deep your tunnels to hide (only for yourselve not for innocent people) and resurface when the situation is safe for you but may be you make a mistake in a few months Trump will be the President of the USA","1791403580160712733","","djonky123","en","Ridderkerk, Nederland","0","0","0","https://twitter.com/TriotPa/status/1791403580160712733","1002183058169229318","TriotPa"
"1791077463952384179","Fri May 17 09:41:10 +0000 2024","0","@RepJamesComer @GOPoversight @MariaBartiromo Trumps internal poll numbers must be horrific he has his poodle out there playing interference.","1791403580139679920","","RepJamesComer","en","","0","0","0","https://twitter.com/Gawain73563104/status/1791403580139679920","1196843671796228096","Gawain73563104"
"1790949191365300705","Fri May 17 09:41:10 +0000 2024","0","@RussOnPolitics @TrumpDailyPosts Almost every historian? Sort of like 97% scientists agree ? Sane people don t trust the mainstream establishment of so called experts anymore. They re either paid partisan hacks or figments of the Left s imagination. Trump will win again.","1791403577111457812","","RussOnPolitics","en","Florida, USA","0","0","0","https://twitter.com/christie3371/status/1791403577111457812","1711798774098436096","christie3371"
"1791403573143601180","Fri May 17 09:41:09 +0000 2024","0","An illegal NDA????? Trump at this point just has diarrhea of the mouth. https://t.co/I1fBubpOl7","1791403573143601180","https://pbs.twimg.com/tweet_video_thumb/GNxYDa0WMAAZ8Sf.jpg","","en","Parts Unknown","0","0","0","https://twitter.com/BoneKnightmare/status/1791403573143601180","20572543","BoneKnightmare"
"1790795298085769388","Fri May 17 09:41:08 +0000 2024","0","@MrsButters @Chiefs He s AWESOME! Thanks so much for posting @MrsButters TRUMP 24!!! üá∫üá∏","1791403571147121113","","MrsButters","en","üåè‚¨ÖÔ∏è","0","0","0","https://twitter.com/real4815162342/status/1791403571147121113","1734166068518690816","real4815162342"
"1791391358474703130","Fri May 17 09:41:07 +0000 2024","0","@FoxNews Highly unlikely. Trump's too busy being a victim of all the unfairness... WAH!","1791403566210388062","","FoxNews","en","Upper-state NY","0","0","0","https://twitter.com/DaveWarnedYou/status/1791403566210388062","1503121040427433986","DaveWarnedYou"
"1791403561617698947","Fri May 17 09:41:06 +0000 2024","0","Trumps pals ","1791403561617698947","","","en","#kindnessmatters ","0","0","0","https://twitter.com/BaronSnow3/status/1791403561617698947","1349119341095227397","BaronSnow3"
"1781755285079572915","Fri May 17 09:41:06 +0000 2024","0","@adri_maga Always here to support trump supporters despite am not American. Much love champ ","1791403561110196313","","adri_maga","en","","0","0","0","https://twitter.com/EddyConsult/status/1791403561110196313","1755629894875103232","EddyConsult"
"1791267881218367806","Fri May 17 09:41:05 +0000 2024","0","@simonateba We can thank the Republican-led U.S. Senate and later President Trump that this self-aggrandizing tool is not sitting with a lifetime appointment on the Supreme Court","1791403557809209487","","simonateba","en","Seat 3E mostly, y usted ...?","0","0","0","https://twitter.com/rdgreen/status/1791403557809209487","18899446","rdgreen"
"1791403557347807428","Fri May 17 09:41:05 +0000 2024","0","@RepBoebert: With Trump There Are Mutual Groping Possibilities. It Would Be incestuous To Grope Her Son. Rep. Lauren Boebert Ridiculed For Attending Trump's Trial But Not Her Son's https://t.co/9lJRYR2hMH via @Yahoo","1791403557347807428","","RepBoebert","en","","0","0","0","https://twitter.com/eg4me2say/status/1791403557347807428","2923757738","eg4me2say"
"1790363266033635409","Fri May 17 09:41:05 +0000 2024","0","@The_Trump_Train Political fascism from democrats is why Trump is going through all this crap","1791403556211159173","","The_Trump_Train","en","","0","0","0","https://twitter.com/Raymond59182051/status/1791403556211159173","1522147471165915141","Raymond59182051"
"1790853104818102758","Fri May 17 09:41:04 +0000 2024","0","@VivekGRamaswamy He was planning to all along duh. Who would think otherwise citizen trump lost the last two to him. His lack of policy knowledge and barking and whining will assure he will lose again. Win win for our great president. Biden https://t.co/O1T93MayTD","1791403555192008990","https://pbs.twimg.com/media/GNxYCeKWsAA_hA_.png","VivekGRamaswamy","en","Atlanta Georgia and around ","0","0","0","https://twitter.com/dch_durlaurie/status/1791403555192008990","91902038","dch_durlaurie"
"1783812521084018771","Fri May 17 09:41:04 +0000 2024","0","@BuzzWellington @CoyoteGenius2 @seamusasfuch @Bryghtd1 @AmsRedIII @ZoeyCreek @KlughRyan @BrianReissSux @BodhisattvaKat @CorvusCurmudgeo @SShadysEvilTwin @DemByBirth @eddsmitty @bfunky1970 @WyldHeartedSon @SueRomulus @TheAnaBraga @MFriedmanNOLA @PartTickles @DemocracyDriven @DemVoice247 @kathyparent19 @TheDevilsDeeds @StormGundam @boco20 @ShawnForGeorgia @MrAndyNgo By the the the oligarchs are all businessmen the don't support Trump because they will be losing their money. They can tell he is a loser.","1791403553992380826","","BuzzWellington","en","","0","0","0","https://twitter.com/CarlosRNavarro1/status/1791403553992380826","1033348956896604161","CarlosRNavarro1"
"1790868231005069340","Fri May 17 09:41:04 +0000 2024","1","@KCPayTreeIt @NormanKimball10 Wow Biden s corrupt/ treasonous phone recording. You may recall the Trump impeachment the alarm bells by the Democrats Vindman and 24/7 MSM coverage. Obvious effort to divert attention from the money laundering. Take a listen.","1791403551580623313","","KCPayTreeIt","en","Free State DeSantis","0","0","0","https://twitter.com/JeepsifuSmith/status/1791403551580623313","1585978654856806400","JeepsifuSmith"
"1791111964019613723","Fri May 17 09:41:03 +0000 2024","1","@TeamTrump Wrong again. Some people trust a guilty sexual abuser a person convicted of fraud a person indicted with multiple felonies a pervert a person who cheats on his wife a person who lies a person invited an insurrection. This is trump and not all Americans care for him.","1791403550469464139","","TeamTrump","en","Washington D.C.","0","0","0","https://twitter.com/smith354511/status/1791403550469464139","1761549908056870912","smith354511"
"1791097567713103962","Fri May 17 09:41:03 +0000 2024","0","@TRUMP_ARMY_ meanwhile in china https://t.co/sAil4OesLw","1791403548585922791","https://pbs.twimg.com/tweet_video_thumb/GNxYB5aXEAAC3LS.jpg","TRUMP_ARMY_","en","pa kreisi","0","0","0","https://twitter.com/sku_dra/status/1791403548585922791","295884869","sku_dra"
"1791210095931498519","Fri May 17 09:41:00 +0000 2024","0","@RpsAgainstTrump Quit yer bitchin trump","1791403538901324004","","RpsAgainstTrump","en","","0","0","0","https://twitter.com/KRISTINEGAINER/status/1791403538901324004","513685538","KRISTINEGAINER"
"1791288393403384193","Fri May 17 09:41:00 +0000 2024","0","@JeffreyGrasso3 @Travis_4_Trump Comer didn't even know who was talking. ","1791403537970417919","","JeffreyGrasso3","en","","0","0","0","https://twitter.com/Garnet4evr/status/1791403537970417919","1615848837373124610","Garnet4evr"
"1791097567713103962","Fri May 17 09:41:00 +0000 2024","0","@TRUMP_ARMY_ If you're in China you have barely any oxygen because of the carbon issues they have there. I suggest they plant trees...stat...but...no one appears to have a clue about basic life on earth in the last while.","1791403536166887636","","TRUMP_ARMY_","en","Winnipeg, MB, Canada","0","0","0","https://twitter.com/CindyMaliceCoop/status/1791403536166887636","1653151294063017984","CindyMaliceCoop"
"1769108713871139171","Fri May 17 09:40:58 +0000 2024","0","@jhayniejr @ProjectLincoln Even Trump thought violence occurred that day because he has regularly attacked Pelosi for refusing to bring in the National Guard. I am not implying that you fall into this category but many Trump supporters would actually believe that Pelosi had the authority","1791403530009416159","","jhayniejr","en","","0","0","0","https://twitter.com/Bables1234/status/1791403530009416159","1486706002477125634","Bables1234"
"1791403526586790105","Fri May 17 09:40:58 +0000 2024","0","In Md. Senate race Hogan pivots on abortion and backs Roe Hogan isn't a Maga nut but his time has passed. At least he has flipped to a more pro choice message. Trump will cook his goose https://t.co/QGlhNnzGk1","1791403526586790105","","","en","Pennsylvania","0","0","0","https://twitter.com/RogerKnisely/status/1791403526586790105","276948267","RogerKnisely"
"1791403523348803668","Fri May 17 09:40:57 +0000 2024","1","The US election could be effectively over by the end of June as two huge events will occur by then: a verdict in Trump's NYC trial (which may arrive as soon as next week) and the first debate (which is scheduled for June 27).","1791403523348803668","","","en","New York, NY","0","0","0","https://twitter.com/knowledge_vital/status/1791403523348803668","1155846185535643649","knowledge_vital"
"1790760803366310394","Fri May 17 09:40:56 +0000 2024","2","@MSNBC @albamonica Should be interesting. Hope each candidate keeps their mouth shut while the other answers the questions asked. (And I mean Trump keeping his trap shut.)","1791403521566195869","","MSNBC","en","","0","0","0","https://twitter.com/ChupeZac/status/1791403521566195869","1087747188078374913","ChupeZac"
"1791403518483378183","Fri May 17 09:40:56 +0000 2024","2","None of this is even remotely funny to me. Tory shits and giggles have cost us all dearly Theresa May doesn t want Trump hand-holding and Brexit failure to be her legacy as she mocks Truss and Johnson #GeneralElectionNow #ToriesOut680 https://t.co/GIzcTGLguM","1791403518483378183","","","en","London, UK","0","1","0","https://twitter.com/ChirpyChet/status/1791403518483378183","1494799852571607040","ChirpyChet"
"1791403517690647027","Fri May 17 09:40:55 +0000 2024","0","what a wuss biden i dont want voters there i only want to democrat questioners i wont come if its not abc cnn msnbc he wont commit to fox or newsmax he is scared of trump he is a wuss plus trump gives 2 craps about kennedy hes a joke like biden","1791403517690647027","","","en","","0","0","0","https://twitter.com/zzues1317/status/1791403517690647027","1663495842861285379","zzues1317"
"1790725467839885708","Fri May 17 09:40:55 +0000 2024","0","@sueann1101 @lilmaggie18133 @lagatorvii @HawleyMO Trump did poll ahead of Clinton IN SWING STATES. And he won those swing States. But in general polls Clinton polled better. She also won the popular vote. You're conflating national and state polls.","1791403517611241695","","sueann1101","en","Phoenix, AZ","0","0","0","https://twitter.com/BehrensTerri/status/1791403517611241695","949010660528078848","BehrensTerri"
"1791166432341835842","Fri May 17 09:40:53 +0000 2024","0","@JosplaySENPAI The binding of Isaac https://t.co/lANz7s0azE","1791403506751938926","https://pbs.twimg.com/tweet_video_thumb/GNxX_a_WYAERY_2.jpg","JosplaySENPAI","en","Daten City","0","0","0","https://twitter.com/JoJonald_trump/status/1791403506751938926","955210687093014528","JoJonald_trump"
"1791196954094903545","Fri May 17 09:40:52 +0000 2024","0","@RDEliason @TylerMcBrien I think it can be argued both ways. 1 He was no longer working for Trump org so might well need a retainer to work as Trump s personal atny. 2 That it s very fishy that it adds up to exactly what he was owed. (And if that wasn t paid back MC would still be owed it surely?)","1791403505292394932","","RDEliason","en","UK","0","0","0","https://twitter.com/UKPerspective1/status/1791403505292394932","1582303134424211456","UKPerspective1"
"1791259319704375669","Fri May 17 09:40:52 +0000 2024","0","@I007Mike @spaceycowheart @TirahAtt @TONYxTWO I do not believe Trump ever requested to have the day off and attend his graduation. This all surfaced as an issue after thr judge merely told Trump he will not miss any hearings. Maga cult thrn exploited the statement by accusing the judge he couldn't attend","1791403502276665397","","I007Mike","en","Twitter","0","0","0","https://twitter.com/RagingBrewer/status/1791403502276665397","2986617543","RagingBrewer"
"1791108565777670563","Fri May 17 09:40:51 +0000 2024","0","@WEschenbach @ClimateDefiance The Trump persecutions make it clear that democrats don't need no stinking evidence!","1791403498929619004","","WEschenbach","en","","0","0","0","https://twitter.com/RobH02050318/status/1791403498929619004","1601258451102990336","RobH02050318"
"1791140488768303196","Fri May 17 09:40:51 +0000 2024","0","@OccupyDemocrats Lol this lady couldn't debate Donald Duck much less any body Donald Trump picks for VP","1791403497994219584","","OccupyDemocrats","en","","0","0","0","https://twitter.com/KeithWasso81174/status/1791403497994219584","1727994586809720833","KeithWasso81174"
"1791187155295130031","Fri May 17 09:40:51 +0000 2024","0","@EverettStern1 If you don t vote for Trump it will be the end of our democracy. Vote Trump!","1791403497780371769","","EverettStern1","en","","0","0","0","https://twitter.com/4jaclynStephens/status/1791403497780371769","1657899339136614400","4jaclynStephens"
"1791403493682462816","Fri May 17 09:40:50 +0000 2024","0","Friday Morning: VA05 Primary race was in NYC for Trump Trial; Senator Warner on election interference; Steve Haner from the @InstituteThomas and @RepBobGood joins us and *LIVE REAL CALLS* (434) 882-4217! HERE - https://t.co/P8pnOesayb OR - https://t.co/mXPqx4qBzt","1791403493682462816","","","en","Central VA","0","0","0","https://twitter.com/JTitMVirginia/status/1791403493682462816","22155110","JTitMVirginia"
"1791403493019803826","Fri May 17 09:40:50 +0000 2024","19","Do you think that Trump as the next president is already priced in? I personally don't","1791403493019803826","","","en","Not A Financial Advice","0","7","4","https://twitter.com/Overdose_AI/status/1791403493019803826","1333533748072165376","Overdose_AI"
"1790721036906086878","Fri May 17 09:40:49 +0000 2024","0","@dead_che @TRUMP_ARMY_ They all lie Trump lies too Vote for Kennedy Get both out.","1791403492201935233","","dead_che","en","","0","0","0","https://twitter.com/RuncieJanette/status/1791403492201935233","1619917760376590336","RuncieJanette"
"1790700110755545473","Fri May 17 09:40:49 +0000 2024","0","@smerconish @FareedZakaria Perhaps Farid is right but not for the reason trump supporters think. trump falsified documents to win a presidential election - the most impactful act affecting hundreds of millions of people in the USA not to mention other nations. Huge difference compared to other fraudsters.","1791403490083758471","","smerconish","en","","0","0","0","https://twitter.com/mtaytslin/status/1791403490083758471","52392584","mtaytslin"
"1791132763266936948","Fri May 17 09:40:49 +0000 2024","0","@TheTrumpest45 Well too bad because trump is coming back","1791403489761075303","","TheTrumpest45","en","","0","0","0","https://twitter.com/mikebloodstar/status/1791403489761075303","2355267146","mikebloodstar"
"1791259319704375669","Fri May 17 09:40:46 +0000 2024","0","@TONYxTWO The judge is allowing him to go so Trump and his maga clown followers should thank him ! but let s see if Trump goes and celebrates with his son for the day - I m saying he ll show up &amp; leave quick","1791403479916814464","","TONYxTWO","en","Connecticut","0","0","0","https://twitter.com/beach_girl58/status/1791403479916814464","266225080","beach_girl58"
"1791403479593812193","Fri May 17 09:40:46 +0000 2024","0","There's something important about Trump s trial in NY that s not being openly talked about https://t.co/dzMA6kc126","1791403479593812193","","","en","","0","0","0","https://twitter.com/MaryWebb7/status/1791403479593812193","317724704","MaryWebb7"
"1791196781746729041","Fri May 17 09:40:45 +0000 2024","0","@JoeyMannarinoUS A J6 er? All doing 5yrs min","1791403472455340315","","JoeyMannarinoUS","en","Sydney, Australia","0","0","0","https://twitter.com/Imasloth/status/1791403472455340315","33041511","Imasloth"
"1790721036906086878","Fri May 17 09:40:44 +0000 2024","0","@TRUMP_ARMY_ Amazing 1st Ammendement. Freedom of speech America... f... yeah üá∫üá≤üá∫üá≤","1791403469506572324","","TRUMP_ARMY_","en","","0","0","0","https://twitter.com/abumaki5351/status/1791403469506572324","1781002636008861696","abumaki5351"
"1712164486415552779","Fri May 17 09:40:43 +0000 2024","0","@RHMCMLXII @Aasii Perfect fit for Donald Trump","1791403465727693181","","RHMCMLXII","en","Silicon Valley","0","0","0","https://twitter.com/Butchieboy6/status/1791403465727693181","1077275328890863616","Butchieboy6"
"1791403461088575992","Fri May 17 09:40:42 +0000 2024","0","2) You're Sabotaging Yourselves. WE WILL NOT VOTE FOR SCOTT STEFANIK COTTON RUBIO BLACKBURN T GABBARD VIVEK RFK JR ETC. ALL ARE THE SWAMP! WE NOW REALIZE TRUMP IS OWNED BY THE JEWISH MAFIA &amp; WILL BE NO DIFFERENT THAN BIDEN.TREASON!https://t.co/7aeDlakVL3","1791403463013761238","","Freedom34612646","en","USA","0","0","0","https://twitter.com/Freedom34612646/status/1791403463013761238","1599596747411660800","Freedom34612646"
"1791381732979351806","Fri May 17 09:40:42 +0000 2024","1","@BelindaJones68 Bee we need a concreter to do a massive 3D rendering. The Big Gina* Goes with the Big Banana big prawn. Tourists could walk up her. *pronounced like Trump says China.","1791403462787518949","","BelindaJones68","en","Melb Australia. ","0","0","0","https://twitter.com/keep__left/status/1791403462787518949","333928329","keep__left"
"1791403461088575992","Fri May 17 09:40:42 +0000 2024","0","@DonaldJTrumpJr Tim Scott is a Huge NO!! Groomed by P Ryan https://t.co/WSSKCKGwFa you Really think he could be President?? ABSOLUTELY NOT. He Endorsed Lisa Murkowski Trump Hater! DJT Has MADE HORRIBLE CHOICES. SCOTT'S A UNIPARTY GLOBALIST PLANT.DON'T PICK HIM BC HE'S BLACK!","1791403461088575992","","DonaldJTrumpJr","en","USA","0","1","0","https://twitter.com/Freedom34612646/status/1791403461088575992","1599596747411660800","Freedom34612646"
"1791042446903611733","Fri May 17 09:40:42 +0000 2024","0","@jetf23 @catturd2 The 788k this year that didn't meet the existing requirement for an asylum claim and is considered frivolous. Fun fact the border bill that Trump sank changed the asylum definition to something stricter and would have shortened claims to 6 months instead of 6 years.","1791403460304216462","","jetf23","en","","0","0","0","https://twitter.com/Kortirionandon/status/1791403460304216462","1498016398743945217","Kortirionandon"
